CNTSTUID,AGE,RESILIENCE,COMPETE,GFOFAIL,HISEI,HEDRES,PARED,SCREADCOMP,SCREADDIFF,JOYREAD,STIMREAD,TMINS,ST188Q01HA,ST188Q02HA,ST188Q03HA,ST188Q06HA,ST188Q07HA,ST183Q01HA,ST183Q02HA,ST183Q03HA,reading_fluency,ST184Q01HA
55403864,15.5,-0.0614,0.1956,0.5949,75.43,1.1793,15,1.8839,-1.126,1.1914,-0.3335,1250,3,3,3,3,3,2,3,4,18,1
55406281,16.08,0.7923,2.0054,-1.8939,70.5,1.1793,14,0.1222,0.1856,-0.8211,-0.3644,1800,4,1,4,4,4,1,1,1,19,1
55407117,15.83,-0.5319,0.1956,1.8905,75.54,1.1793,12,-0.825,1.2658,-0.7029,0.2432,1500,4,3,2,2,3,4,4,4,16,2
55401633,16.08,0.7657,0.571,-0.9295,NA,-1.0118,15,-1.497,0.795,0.2694,0.1494,2160,3,3,4,4,3,1,2,2,12,2
55402768,15.83,-0.0614,-0.733,0.4637,79.74,1.1793,14,0.1222,-0.0697,0.0127,0.2751,1500,3,3,3,3,3,3,3,3,16,3
55405941,15.58,-0.0721,-0.2661,0.4637,51.56,-0.1357,12,-0.7391,0.3787,1.7513,-0.9263,NA,3,3,3,NA,NA,3,3,3,17,2
55406301,16.08,-0.5176,-0.9792,0.5949,58.77,-0.4396,15,1.8839,-1.8876,0.3171,-0.62,1500,3,3,3,2,3,2,3,4,18,3
55406595,15.67,-0.0614,0.7871,-0.3799,76.65,-1.1878,14,-1.0985,1.2421,-0.2704,0.5102,1500,3,3,3,3,3,2,2,3,19,2
55401538,15.67,0.3858,1.1811,-0.3799,22.77,1.1793,10,-0.7391,0.5082,-1.0727,-0.0073,NA,3,4,3,3,3,2,2,3,11,2
55400007,16.25,-0.0614,-0.9792,0.4637,39.02,-0.8243,10,0.1222,0.9065,-0.2704,0.5102,NA,3,3,3,3,3,3,3,3,17,3
55401471,15.42,0.3858,0.1956,-0.4342,NA,-0.5492,10,0.1222,0.409,0.3568,-0.0999,NA,3,4,3,3,3,3,2,2,19,2
55407028,15.58,1.1262,0.7262,-1.8939,72.96,-0.4903,10,0.1222,0.409,-0.2388,0.4798,1500,3,4,4,4,3,1,1,1,18,3
55403954,15.25,-1.0326,-2.345,-0.3009,30.78,-1.1443,14,NA,0.8812,0.7269,-0.2622,1800,1,2,3,4,2,1,3,2,18,1
55407094,15.92,0.5075,-0.4631,-0.9295,17,-0.5813,15,-0.7391,1.1604,0.6977,-0.3644,1500,3,3,2,4,4,1,2,2,17,3
55404748,15.83,NA,NA,NA,NA,NA,NA,NA,NA,NA,NA,NA,NA,NA,NA,NA,NA,NA,NA,NA,15,NA
55406330,15.25,0.3858,1.2643,0.1097,80.46,1.1793,15,0.1222,-1.8876,-0.2704,1.1543,1500,3,4,3,3,3,2,3,3,18,2
55407370,15.58,1.5024,2.0054,1.8905,50.15,0.0477,14,0.1222,-0.0362,1.3052,0.2751,1500,4,4,4,4,3,4,4,4,19,1
55400306,15.83,-0.8579,-0.2047,1.8905,57.25,0.0477,10,0.1222,0.9065,-0.7637,-1.7115,1375,3,4,2,2,2,4,4,4,17,3
55402444,15.58,0.7396,-0.6888,-1.2319,65.23,1.1793,10,-0.5485,-1.126,-1.0796,0.5102,1375,3,4,4,3,3,2,1,2,16,1
55402728,15.67,0.7396,-0.2661,0.4637,63.03,0.0477,15,1.8839,-1.8876,0.0127,0.7904,1375,3,4,4,3,3,3,3,3,17,1
55402843,15.92,-0.4684,-0.4112,-0.9295,62.39,1.1793,10,0.1222,-1.0064,0.8628,0.4798,1800,3,3,2,3,3,1,2,2,17,3
55403203,15.58,-0.7737,0.571,-0.1748,21.13,-0.1357,12,-2.4403,1.2421,-1.9715,-0.2336,1925,3,3,1,3,3,3,3,1,16,2
55404660,15.58,-0.5176,NA,-0.4342,50.37,-0.0531,10,0.1222,0.409,0.5572,-2.3003,1375,3,3,3,2,3,3,2,2,10,2
55400173,15.25,NA,-0.2661,NA,25.95,-1.5094,14,NA,0.409,-0.6278,NA,NA,NA,NA,NA,NA,NA,NA,NA,NA,19,NA
55400735,15.67,-0.0614,0.1956,0.4637,50.15,-0.5668,12,0.1222,1.2421,-2.7114,-0.62,2695,3,3,3,3,3,3,3,3,16,2
55406237,15.83,-0.0614,0.1956,-0.13,33.76,0.0477,10,-0.7391,1.2421,-0.4556,-0.2336,1250,3,3,3,3,3,2,3,2,17,3
55406592,16.17,-0.8109,-0.9792,-0.3799,77.1,1.1793,15,1.2374,0.0755,1.7916,2.0871,NA,3,3,2,2,3,2,2,3,19,1
55407141,15.83,-0.8109,0.1956,0.4637,57.64,0.2646,12,0.1222,0.409,-1.352,-0.3335,1375,3,3,2,2,3,3,3,3,17,3
55403072,15.83,-0.096,0.7871,0.4637,74.79,0.0477,14,0.1222,-0.524,-0.9609,0.898,1500,3,4,3,2,3,3,3,3,18,2
55406390,15.42,-1.0974,-0.2047,0.8794,82.41,1.1793,14,-2.4403,2.7752,-1.1285,-0.62,NA,3,3,2,2,2,3,3,4,17,3
55404019,16.08,0.2883,-0.357,0.8207,36.92,-1.7993,12,-0.4419,0.8207,-0.9873,0.8945,1860,4,3,4,2,3,4,3,3,18,3
55404798,15.92,0.7396,-0.9792,0.4637,70.89,1.1793,15,0.6994,0.409,2.6131,1.0741,1500,3,4,4,3,3,3,3,3,18,2
55404840,15.42,-0.4684,-0.733,-0.687,43.33,1.1793,NA,0.6994,-0.663,-0.5262,-0.9225,1500,3,3,2,3,3,2,2,2,18,1
55405541,15.75,-0.0614,0.1956,0.4637,65.01,0.0477,10,-0.4419,-0.0697,-0.7826,0.0236,NA,3,3,3,3,3,3,3,3,16,2
55406361,16.08,-0.0614,0.1956,0.4637,NA,-0.1357,NA,-0.849,1.2421,-1.7421,0.2751,NA,3,3,3,3,3,3,3,3,17,3
55400886,16.08,-0.0614,0.1956,0.4637,71.55,-2.3391,10,NA,NA,0.1372,-0.0073,1815,3,3,3,3,3,3,3,3,13,3
55402035,15.5,0.0501,0.7871,1.8905,32.5,-1.3525,15,0.1222,-0.524,-1.0322,0.2464,NA,3,3,2,3,4,4,4,4,19,1
55406206,15.75,-0.0614,0.1956,0.052,71.55,-1.6145,10,0.1222,0.8207,1.3398,-0.3644,NA,3,3,3,3,3,3,3,2,17,2
55400880,15.67,-0.4684,-0.5707,0.4637,32.5,-0.4396,15,0.1222,0.9065,0.3568,-0.203,NA,3,3,2,3,3,3,3,3,12,3
55402770,15.75,-1.0974,-0.2047,0.4637,24.98,-0.8449,10,-1.0985,1.2421,-0.4556,-0.62,NA,3,3,2,2,2,3,3,3,15,3
55402846,16.25,-0.8579,-0.9792,-0.2006,80.46,-0.1357,15,0.6994,-0.663,2.0787,0.2432,2200,3,4,2,2,2,3,2,3,19,1
55404161,16.25,-0.0614,0.2653,1.4083,79.74,1.1793,15,0.6994,0.409,-0.2406,-0.2336,1440,3,3,3,3,3,3,4,4,15,1
55402044,15.25,-0.0328,1.2643,1.8905,73.91,0.0477,12,0.1222,-1.8876,0.6934,2.0871,1650,3,4,2,3,3,4,4,4,18,2
55406835,15.33,-0.0614,0.1244,-0.13,49.3,0.2646,15,-0.4419,0.409,0.4627,0.5102,1800,3,3,3,3,3,2,3,2,19,1
55408057,16,0.3858,0.571,0.4637,71.55,1.1793,14,1.8839,-1.126,0.8628,0.7586,1500,3,4,3,3,3,3,3,3,16,2
55407023,15.42,-0.4292,-0.6888,-1.8939,57.03,1.1793,10,0.1222,0.9899,1.0781,-0.0042,NA,3,3,2,2,4,1,1,1,17,3
55403070,16.08,-0.4684,-0.4112,-0.687,70.57,1.1793,15,0.6632,-1.8876,0.7568,0.2432,1440,3,3,2,3,3,2,2,2,11,3
55404535,16.08,-0.4684,-1.2263,0.1097,74.66,-0.6947,14,1.8839,-0.0697,0.7546,-0.0999,1500,3,3,2,3,3,2,3,3,19,2
55404364,15.67,-0.0614,0.7871,0.4637,20.95,-2.4403,14,-0.849,0.9065,0.3252,-0.103,NA,3,3,3,3,3,3,3,3,18,3
55406946,16.08,-1.0812,0.1956,0.4637,19.78,-0.8243,12,-1.0985,1.2421,-1.1285,0.5102,NA,3,2,2,3,2,3,3,3,10,3
55407563,15.33,2.3693,-1.1741,-0.3009,75.54,0.2646,12,-2.4403,-1.8876,0.0022,0.0937,1690,4,4,4,4,4,1,3,2,12,1
55406955,16.08,-0.4684,0.1956,-0.4342,16.38,0.0268,10,-0.4419,0.8812,-0.5437,-0.62,NA,3,3,2,3,3,3,2,2,11,3
55404253,15.83,1.6219,0.7871,0.4637,32.2,-0.5813,15,0.1222,0.3059,1.0781,0.7551,NA,4,4,3,4,4,3,3,3,13,1
55404632,15.75,-1.2862,2.0054,-0.0288,17,-0.9057,10,-1.2042,0.7693,-0.8407,0.5102,NA,3,2,2,1,3,4,2,3,18,1
55407559,15.33,-0.0614,1.2643,-0.687,23.57,-1.4924,10,0.1222,0.5082,-0.0176,0.5102,1500,3,3,3,3,3,2,2,2,15,2
55403711,16.08,-0.0614,-0.8705,-0.13,65.42,1.1793,15,-1.0985,0.9065,-0.7983,-0.62,1440,3,3,3,3,3,2,3,2,18,2
55404659,15.67,-0.5176,-0.9792,1.1911,NA,1.1793,15,0.1222,-0.0697,0.3568,2.0871,1440,3,3,3,2,3,2,4,4,16,2
55404861,15.42,-0.0614,1.1811,1.8905,NA,1.1793,15,1.8839,1.2421,-0.6483,-0.0716,1875,3,3,3,3,3,4,4,4,12,2
55407599,15.33,NA,NA,NA,82.41,1.1793,15,1.8839,-0.6311,0.5572,-0.1282,NA,NA,NA,NA,NA,NA,NA,NA,NA,11,NA
55407657,15.67,0.7872,0.1956,0.052,43.85,-0.6853,14,-0.7391,-0.0697,0.0797,0.7904,2800,3,4,3,4,3,3,3,2,3,3
55400262,15.42,-0.0614,-0.9792,0.4637,62.13,0.0477,14,0.1222,0.5082,-0.6863,-0.62,1440,3,3,3,3,3,3,3,3,19,3
55402205,15.33,0.4558,-0.2047,-0.3498,70.5,1.1793,15,0.1222,-0.524,1.1891,1.1847,NA,3,3,3,3,4,2,3,1,16,1
55402790,15.92,2.3693,-0.2661,-1.8939,63.31,-0.3792,14,-0.4419,-1.1635,-1.352,0.2432,1800,4,4,4,4,4,1,1,1,17,2
55404033,16.25,-0.5176,1.1811,0.4637,NA,1.1793,15,0.1222,-0.524,-0.2704,-0.2288,1500,3,3,3,2,3,3,3,3,16,2
55406110,15.33,-1.5245,-0.2047,1.8905,29.73,-0.1357,15,-0.5485,1.2658,-1.3532,-0.3302,1740,4,2,1,1,2,4,4,4,16,1
55407932,15.83,0.4558,1.2643,-0.7592,81.13,-0.8449,15,1.8839,-1.8876,-1.0322,0.2751,1440,3,3,3,3,4,3,2,1,17,1
55401559,15.58,-0.8273,0.1956,1.0944,55.96,-1.8813,10,0.1222,0.409,-0.5262,-2.3003,NA,3,2,3,2,3,4,4,2,17,3
55401960,15.33,-0.0614,2.0054,-0.3799,24.45,-1.2049,10,-0.849,0.3787,-0.4556,0.5102,NA,3,3,3,3,3,2,2,3,18,2
55406891,15.33,0.7251,-0.9792,-0.3799,58.77,-0.6853,10,-0.4089,0.409,-0.1042,-0.3644,1440,4,4,3,3,3,2,2,3,15,3
55401501,16,-1.0583,-0.5707,NA,60.44,-1.4924,12,-0.4419,0.5082,-0.4081,-0.62,NA,3,2,2,2,3,3,3,NA,19,1
55407746,16.08,NA,NA,NA,68.7,-1.5216,15,-0.7391,0.9899,-0.7077,0.0236,NA,NA,NA,NA,NA,NA,NA,NA,NA,18,NA
55400749,15.92,-0.0614,0.1956,-0.687,24.53,-2.3391,10,-0.825,0.409,-0.7261,1.0741,NA,3,3,3,3,3,2,2,2,18,3
55402272,15.75,-1.0352,-0.8279,-0.2006,NA,NA,10,-1.0985,1.2421,-1.1538,-0.62,1500,2,3,2,2,3,3,2,3,15,2
55405547,15.33,-0.096,2.0054,0.3335,18.08,-1.2622,15,-0.8729,0.6798,-1.0555,0.7551,NA,3,4,3,2,3,4,3,2,19,2
55401043,16.08,-0.0614,0.1956,0.4637,76.65,1.1793,14,0.6994,-0.0697,0.5572,-0.6237,1440,3,3,3,3,3,3,3,3,16,2
55401769,15.83,0.8496,-0.6151,0.4637,75.5,0.0477,15,-1.4704,0.795,-1.9715,-0.3335,1620,3,3,3,4,4,3,3,3,18,2
55403043,15.67,-0.8738,-0.4112,0.4637,86.72,1.1793,15,1.8839,-1.8876,0.9011,-2.3003,1680,3,3,3,2,2,3,3,3,11,2
55405453,15.75,0.3444,0.1956,-0.687,56.57,1.1793,14,0.1222,-0.0697,-0.0872,2.0871,1400,4,3,3,3,3,2,2,2,19,1
55406008,15.5,0.8496,0.1244,0.4637,59.89,-0.1357,15,0.1919,-0.524,-0.917,-2.3003,1400,3,3,3,4,4,3,3,3,19,4
55407089,15.58,-0.4684,1.2643,-0.9295,72.27,0.0477,15,0.6994,-0.524,-0.5262,-0.1075,1440,3,3,2,3,3,1,2,2,17,2
55407235,15.58,-0.8109,-0.733,-0.13,75.5,0.0477,14,0.1222,0.409,-0.5262,-0.9225,1440,3,3,2,2,3,2,3,2,17,2
55402331,15.83,-0.4684,0.1956,-0.13,75.54,-1.2622,12,-0.825,1.2658,-0.2704,-1.2261,1320,3,3,2,3,3,2,3,2,13,3
55404337,15.58,-0.0614,0.1956,0.8207,76.65,1.1793,15,-1.0985,1.2421,-1.1285,0.5102,1740,3,3,3,3,3,4,3,3,15,3
55408055,15.67,-0.0614,0.1956,-0.687,17,-0.6444,10,0.1222,0.9065,0.523,0.5102,1250,3,3,3,3,3,2,2,2,18,2
55404619,15.42,-0.8223,-0.6151,1.1911,76.65,-0.208,14,1.2374,-0.524,2.6131,0.7551,1450,3,4,1,3,2,2,4,4,18,2
55406150,15.92,-0.4957,1.2643,0.4637,68.88,1.1793,12,0.1222,-0.524,-0.2704,-0.3644,1650,3,4,2,2,3,3,3,3,17,2
55407216,16.17,-1.0677,-0.5707,0.4637,50.57,0.031,14,-0.4089,0.409,0.1499,-1.515,1450,3,3,1,3,2,3,3,3,19,2
55400357,15.92,-0.2056,0.7871,1.4083,17,1.1793,15,0.1222,-0.0697,1.7513,-0.3644,1705,3,4,4,2,2,3,4,4,18,2
55400468,15.58,1.1497,-0.0326,1.0944,80.92,0.0477,15,1.8839,-1.8876,2.0787,1.4931,1650,4,4,3,3,4,4,4,2,17,1
55404013,15.92,1.1262,0.1956,-0.3799,79.74,-0.4396,10,0.6994,-1.0064,-1.4526,-0.62,1500,3,4,4,4,3,2,2,3,15,1
55406292,15.58,1.5024,-1.5513,-1.1858,43.85,-0.9779,12,1.8839,-1.0064,-0.2406,0.898,1500,4,4,4,4,3,1,1,3,16,2
55407787,16.08,-0.4684,-0.5707,0.8794,27.91,0.0477,12,0.8214,-1.0064,2.0787,0.2464,NA,3,3,2,3,3,3,3,4,16,2
55400043,16.17,-0.0614,-0.2661,-0.687,71.39,0.0477,12,-1.3776,0.9065,-1.6062,0.1808,1250,3,3,3,3,3,2,2,2,18,3
55400912,15.83,-1.497,-0.5707,1.3423,25.06,-0.4903,10,0.1222,0.0755,0.1984,-0.62,1375,2,3,2,1,2,4,4,3,12,1
55400771,16.08,-0.0614,0.1956,0.4637,88.7,-2.2417,15,1.8839,2.7752,0.2641,1.5391,NA,3,3,3,3,3,3,3,3,13,3
55405776,15.67,0.4793,0.571,1.1422,30.78,0.0477,14,-0.4089,0.5082,-0.7029,-0.3335,1440,3,4,2,3,4,3,4,3,12,2
55400240,16,-0.0614,-0.5707,1.8905,51.56,1.1793,10,1.2374,-1.0064,-0.8407,0.2464,1650,3,3,3,3,3,4,4,4,16,2
55401162,15.67,-0.5384,1.1811,1.1911,55.25,-1.2049,14,1.8839,-0.524,2.6131,0.5135,1350,4,1,4,1,4,2,4,4,19,2
55401392,15.5,-0.8109,-0.2047,0.4637,63.03,0.0477,15,0.1222,0.9065,-2.7114,-0.9225,1105,3,3,2,2,3,3,3,3,13,2
55403248,16.25,-0.8109,-0.4112,1.8905,65.12,-0.8449,15,-0.4089,1.5959,0.2363,0.5408,1620,3,3,2,2,3,4,4,4,18,2
55403841,15.33,0.4558,0.7871,0.052,65.12,1.1793,14,0.1222,-0.0697,-0.3068,-0.9263,1350,3,3,3,3,4,3,3,2,16,3
55401454,15.83,-1.7374,0.7262,1.8905,64.44,-1.8124,15,-2.4403,2.7752,-1.0727,-0.0999,NA,3,3,1,1,1,4,4,4,15,4
55402303,15.67,-0.0614,0.1956,1.8905,58.77,1.1793,15,0.1222,0.9065,0.0995,0.7551,780,3,3,3,3,3,4,4,4,17,2
55404015,16.17,-1.321,-0.2661,0.4637,68.7,-0.4903,15,0.1222,-1.8876,1.01,0.0205,1470,3,3,2,1,2,3,3,3,18,2
55404125,15.58,-0.0614,-0.2661,-0.687,72.94,0.0477,12,0.1222,-1.0064,0.0127,0.7904,1470,3,3,3,3,3,2,2,2,17,2
55402772,15.75,-0.5176,0.1956,1.8905,43.76,1.1793,12,1.8839,-0.0697,0.638,0.6118,NA,3,3,3,2,3,4,4,4,15,1
55403175,16,-0.4531,-0.9792,-0.687,62.13,-0.4396,10,0.1222,-0.0697,-0.1542,1.0383,1260,2,3,3,3,3,2,2,2,12,2
55403686,16.17,-0.0614,0.7262,1.8905,73.71,1.1793,10,1.8839,-0.0697,1.3493,-1.7115,1200,3,3,3,3,3,4,4,4,15,2
55404025,15.75,0.3858,-0.2661,1.4083,NA,1.1793,12,-0.4419,0.409,-0.7553,0.5102,2625,3,4,3,3,3,3,4,4,15,2
55405388,15.83,-0.6128,-0.8705,-0.1558,85.41,0.0477,15,-0.5485,-0.524,-1.9715,0.4764,1500,3,4,3,3,1,2,2,4,15,1
55404172,15.5,-0.7737,-0.2047,0.4637,76.65,0.2646,14,0.1222,0.9065,0.638,2.0871,1500,3,3,1,3,3,3,3,3,17,1
55405184,15.67,0.4107,-0.2047,1.3423,67.11,0.0477,15,1.8839,-0.663,2.0787,1.4931,NA,4,4,2,2,4,4,4,3,19,2
55407760,15.92,0.3858,-0.9792,-0.687,48.27,0.0477,12,-1.0985,0.795,-0.9016,1.0419,1500,3,4,3,3,3,2,2,2,14,2
55401071,15.42,-0.8738,-0.2661,1.4083,76.49,0.0477,15,0.1222,-1.8876,2.6131,-1.7115,1375,3,3,3,2,2,3,4,4,17,3
55401871,15.5,-0.0614,-0.2661,-0.4342,73.38,1.1793,15,0.1222,0.3787,-0.7553,1.4931,1375,3,3,3,3,3,3,2,2,17,1
55403088,16,-0.0762,-1.5513,-1.8939,70.5,1.1793,15,1.2374,0.409,2.6131,0.5135,NA,3,3,4,1,4,1,1,1,17,2
55403663,16,-0.8109,-0.9792,1.8905,76.65,1.1793,14,0.1222,-0.416,0.0127,-2.3003,1375,3,3,2,2,3,4,4,4,18,2
55406972,15.67,-0.0614,2.0054,-0.687,NA,1.1793,15,0.1222,-0.0697,0.638,0.7904,900,3,3,3,3,3,2,2,2,7,3
55400795,15.83,1.217,-0.2047,-0.4342,80.46,0.7687,10,0.6994,-1.8876,-0.7077,-0.0042,1375,3,4,3,4,4,3,2,2,18,1
55407323,16.17,-0.4957,0.7871,1.4083,82.41,-0.3792,15,1.2374,-1.126,1.7513,1.1506,1440,3,4,2,2,3,3,4,4,18,2
55402244,15.92,-1.0884,0.1956,1.1422,70.4,1.1793,15,1.1971,1.6792,0.3252,0.2464,NA,2,3,3,2,2,3,4,3,16,2
55403216,16,-0.8109,0.3709,0.4637,20.91,0.031,15,-1.4439,0.409,-0.9655,0.5068,1500,3,3,2,2,3,3,3,3,15,1
55405217,15.33,-0.0614,0.7871,-0.4939,76.65,-0.8532,12,-0.7391,-0.0697,-2.7114,-0.62,NA,3,3,3,3,3,4,2,1,17,3
55405931,15.67,0.4269,2.0054,-0.1748,73.91,1.1793,15,1.2374,-0.524,1.0123,-0.3335,1450,3,4,3,2,4,3,3,1,15,1
55407068,15.83,0.8092,2.0054,-1.2319,62.39,1.1793,12,1.8839,-1.8876,0.0329,2.0871,1500,4,4,2,3,4,2,1,2,16,4
55400535,15.83,1.6219,-2.345,-1.8939,86.72,1.1793,15,1.8839,-1.126,1.5482,-0.3302,1500,4,4,3,4,4,1,1,1,19,1
55404898,15.75,-0.8738,0.1956,-0.3799,70.89,-1.3835,10,-0.4419,0.795,-0.2704,-0.62,1800,3,3,3,2,2,2,2,3,15,3
55401164,15.67,-0.0328,-0.2047,1.8905,88.31,1.1793,15,0.1222,-0.524,0.1298,0.5441,NA,3,4,2,3,3,4,4,4,19,2
55406536,15.92,-0.9079,0.4352,0.8794,74.66,0.031,15,-0.4089,1.3215,1.1697,0.2751,1440,3,3,4,1,2,3,3,4,19,3
55401628,15.5,-0.5176,0.1956,1.0671,28.48,-1.3835,15,0.1222,-0.0697,-0.5262,0.1494,2520,3,3,3,2,3,4,3,4,14,3
55403028,15.92,-0.5787,-0.2047,1.8905,43.33,-1.9645,14,-0.4419,-0.1817,-0.6146,0.0236,2100,3,4,3,2,2,4,4,4,17,2
55404085,15.58,0.8021,-0.9792,1.8905,51.57,0.2646,15,-0.4419,0.409,-0.2704,0.1214,1500,3,3,4,3,4,4,4,4,16,1
55406192,16.17,-0.4684,-0.2047,1.8905,33.76,0.0477,14,-1.0985,1.2421,-0.6146,-0.62,1500,3,3,2,3,3,4,4,4,17,3
55405041,15.42,-0.0614,0.3709,-0.1748,26.64,-0.4903,10,0.1222,-1.8876,-0.3253,0.5102,500,3,3,3,3,3,3,3,1,17,4
55400399,15.75,-1.075,-1.2708,-0.4342,76.49,1.1793,15,-0.4089,0.9065,1.3493,-0.3644,1500,2,4,2,2,2,3,2,2,17,1
55403809,16.08,1.5527,0.1956,0.4637,65.12,1.1793,14,0.6994,-1.0064,-0.2008,0.4798,1350,4,4,4,3,4,3,3,3,19,1
55404795,15.67,-0.5176,0.1956,0.4637,62.39,1.1793,14,0.1222,0.3787,0.0995,0.2751,1500,3,3,3,2,3,3,3,3,19,2
55405922,16.17,-0.8469,-0.9792,0.052,43.33,-0.7412,12,0.1222,0.0755,-0.2704,-0.2622,NA,3,3,3,1,3,3,3,2,16,2
55401718,15.42,-0.0614,0.1956,0.4637,62.39,-0.3792,15,-0.5485,1.2421,-0.1707,0.5102,NA,3,3,3,3,3,3,3,3,11,3
55403274,15.67,-0.0614,-0.5707,0.4637,20.91,0.1806,12,0.1222,-0.0697,0.3568,0.8945,1375,3,3,3,3,3,3,3,3,18,2
55405730,15.42,0.4152,0.1956,1.8905,62.13,0.031,10,-1.0985,0.7693,-0.2704,2.0871,1375,3,3,3,4,3,4,4,4,19,4
55401051,16.08,-0.0328,-0.9792,-0.0288,31.08,0.0477,12,0.1222,-0.524,-0.275,0.1494,1500,3,4,2,3,3,4,2,3,19,2
55401617,16,-0.0614,0.1956,-0.13,25.95,-0.8449,10,-1.0985,0.9065,0.0495,0.2751,1500,3,3,3,3,3,2,3,2,18,2
55402402,15.33,-0.0614,1.1811,-0.2006,62.13,-0.3792,15,0.1222,1.3215,0.8942,1.5391,NA,3,3,3,3,3,3,2,3,16,2
55404347,15.75,-0.096,0.3709,-1.8939,28.48,-0.1357,10,-0.5485,0.409,-0.3875,0.0236,1375,3,4,3,2,3,1,1,1,19,3
55405984,16.08,0.3858,2.0054,-1.8939,22.57,-0.8243,10,1.8839,-0.1483,-1.9715,-0.3302,1250,3,4,3,3,3,1,1,1,17,2
55400694,16.17,-0.8109,NA,NA,68.55,0.7604,NA,NA,-0.0697,-0.4556,NA,1440,3,3,2,2,3,NA,NA,NA,18,3
55402797,15.33,-0.1433,0.571,0.4637,58.77,-1.7306,15,0.1919,1.1604,-0.9655,0.2432,1440,4,3,3,2,3,3,3,3,16,3
55404549,16.17,1.217,0.1956,0.4637,70.34,0.0477,10,0.1222,1.2421,0.0127,2.0871,1500,3,4,3,4,4,3,3,3,18,4
55406870,16,-0.5176,0.1956,0.4637,71.39,0.0477,15,0.1222,-0.524,0.0127,-1.7115,1740,3,3,3,2,3,3,3,3,15,2
55406602,15.33,-0.0614,0.7262,-0.1748,76.49,0.0477,12,-0.825,1.2421,-1.1538,-1.3412,NA,3,3,3,3,3,3,3,1,14,2
55407885,15.58,1.1777,-0.4112,1.8905,56.38,1.1793,14,0.6994,0.9065,0.0977,0.0205,2100,4,3,3,4,4,4,4,4,18,4
55406597,15.67,-0.1772,0.7871,1.8905,76.65,-0.1357,15,1.8839,-1.8876,1.7513,-1.6579,1500,4,4,3,1,3,4,4,4,16,1
55407493,15.5,-0.5176,0.1956,0.1097,61.91,-0.8449,12,0.1222,0.5082,-0.3377,-0.0073,1920,3,3,3,2,3,2,3,3,14,2
55400462,15.5,-0.8386,-0.8279,0.8207,21.13,1.1793,14,0.1222,0.9065,1.2316,0.5102,1400,3,3,2,3,2,4,3,3,12,3
55406608,15.58,-0.0328,-0.2661,1.1422,49.48,1.1793,NA,-0.7391,-0.0697,0.3568,-0.3302,1500,3,4,2,3,3,3,4,3,13,2
55406800,15.5,-0.8109,-0.5707,-1.1858,25.95,0.031,5.5,-0.4419,0.9065,-0.2388,0.0236,1400,3,3,2,2,3,1,1,3,18,3
55406991,15.83,NA,NA,-1.8939,33.76,0.5384,12,NA,NA,NA,NA,1500,NA,NA,NA,NA,NA,1,1,1,17,3
55403805,15.42,NA,0.1956,0.4637,20.91,1.1793,10,-1.0985,-0.0697,-0.2704,0.5102,NA,NA,NA,NA,NA,NA,3,3,3,12,2
55404514,15.67,-0.5176,-0.733,0.1097,65.12,-0.6853,15,0.6994,-1.8876,0.3266,1.3517,1500,3,3,3,2,3,2,3,3,18,2
55407479,16.17,NA,-0.2661,0.4637,51.56,-2.2894,12,-1.2042,0.8558,-0.853,-0.3644,NA,NA,NA,NA,NA,NA,3,3,3,19,NA
55401832,16.17,0.7396,0.1956,0.8207,62.13,0.0477,15,0.1222,-0.524,1.3493,0.5135,1250,3,4,4,3,3,4,3,3,15,1
55402364,15.83,-0.0136,-0.9792,-1.8939,58.77,-0.5813,14,0.1222,-0.0697,0.3568,-0.62,NA,2,4,3,3,3,1,1,1,17,4
55403845,15.83,NA,0.4978,1.8905,25.51,-1.3835,12,-0.7391,0.409,0.2363,-1.1882,NA,NA,NA,NA,NA,NA,4,4,4,18,3
55407085,15.92,1.5527,0.1956,0.4637,50.15,-0.1357,10,-0.4419,0.9065,-0.5753,0.5102,NA,4,4,4,3,4,3,3,3,11,4
55400538,15.33,-2.54,0.1956,1.8905,68.7,-1.2862,15,1.8839,-0.6311,1.2316,-2.3003,1500,2,1,1,1,1,4,4,4,16,1
55400901,16.17,-0.8579,0.7871,0.8794,81.4,1.1793,14,0.1222,0.9065,-0.0176,0.5102,1440,3,4,2,2,2,3,3,4,18,2
55404721,16,-0.4684,1.1811,0.4637,65.64,0.0477,15,0.6994,-0.0362,0.4627,0.2464,1375,3,3,2,3,3,3,3,3,17,2
55404836,16,1.5527,-0.2047,0.4637,73.71,0.0477,15,1.2374,-0.524,1.0781,2.0871,1440,4,4,4,3,4,3,3,3,17,2
55406450,16.08,1.1497,1.2643,0.8207,82.41,-0.1357,15,1.2374,0.0755,0.0127,0.6487,1440,4,4,3,3,4,4,3,3,19,2
55406685,15.33,0.4558,-2.345,-1.1597,26.64,1.1793,15,0.1222,0.409,0.3568,-0.2544,1375,3,3,3,3,4,1,2,1,5,2
55407557,15.75,NA,NA,NA,76.49,0.0477,15,-0.4419,-0.0697,0.0995,-0.3644,NA,NA,NA,NA,NA,NA,NA,NA,NA,16,NA
55402089,15.58,0.3858,0.7871,-0.687,26.64,1.1793,10,0.6994,0.409,0.1984,-0.62,1800,3,4,3,3,3,2,2,2,19,4
55402127,15.75,0.3858,0.1956,-0.4342,39.02,0.0477,10,1.8839,-0.524,2.0787,2.0871,1500,3,4,3,3,3,3,2,2,17,1
55402607,15.83,-0.4684,-0.9792,-0.687,43.33,1.1793,10,-0.825,0.795,0.2694,0.0205,NA,3,3,2,3,3,2,2,2,18,2
55406908,15.83,-0.5176,-0.2661,0.8794,39.04,-0.6853,12,1.8839,-1.8876,2.0787,1.4931,NA,3,3,3,2,3,3,3,4,18,1
55406947,15.75,0.3858,1.1811,1.4083,24.98,1.1793,12,1.8839,-0.0362,1.5482,-0.3644,1375,3,4,3,3,3,3,4,4,14,1
55407423,15.5,-0.5176,-0.4112,-0.4342,68.55,-1.9183,10,0.1222,0.5082,0.3703,-2.3003,NA,3,3,3,2,3,3,2,2,16,2
55400331,15.92,NA,NA,NA,NA,NA,NA,NA,NA,NA,NA,NA,NA,NA,NA,NA,NA,NA,NA,NA,17,NA
55401449,15.58,-0.0614,0.7871,-0.7985,76.65,1.1793,15,1.8839,-0.0362,-0.7413,0.0817,1560,3,3,3,3,3,3,1,3,18,1
55405629,15.5,-0.096,0.7871,0.052,71.39,-0.4396,15,0.1222,-0.0697,0.638,-0.2069,1650,3,4,3,2,3,3,3,2,18,2
55403731,15.83,1.0615,0.7871,-0.4342,65.01,1.1793,15,1.8839,-1.0064,0.1499,0.5102,1500,4,4,4,3,3,3,2,2,16,1
55406343,15.5,0.8496,-1.7009,0.4637,NA,-0.4396,NA,0.1222,-1.126,-2.7114,-0.0999,1740,3,3,3,4,4,3,3,3,11,1
55401515,15.58,-0.4684,-0.9792,0.1097,23.8,-2.2417,12,-1.0985,1.2421,-0.2704,-0.2336,NA,3,3,2,3,3,2,3,3,17,2
55401930,16.08,0.7251,0.1956,0.4637,NA,1.1793,10,-0.4089,0.8812,0.2864,0.2432,2800,4,4,3,3,3,3,3,3,10,2
55405981,15.58,-0.0614,0.1956,0.4637,NA,-1.4924,12,0.1222,-0.0697,0.5572,-0.62,1750,3,3,3,3,3,3,3,3,18,1
55407633,15.75,-0.0614,-0.2661,-0.687,79.74,-1.0527,15,0.1222,-0.524,-0.1042,-0.0999,2450,3,3,3,3,3,2,2,2,15,2
55401407,15.42,-0.4171,0.6314,0.8207,NA,-0.4903,15,-1.8008,1.137,-0.2704,0.2783,NA,3,3,1,4,3,4,3,3,16,3
55402796,15.33,-0.8386,0.1956,0.1097,NA,0.0477,10,-0.849,0.3787,-1.0727,0.5102,1800,3,3,2,3,2,2,3,3,0,3
55403744,15.83,1.233,1.2643,-0.3009,86.72,-0.4396,15,-0.5485,0.3787,0.3762,0.2751,NA,2,4,4,4,4,1,3,2,13,1
55404169,16.08,-0.0614,1.2643,1.8905,68.54,1.1793,15,-0.825,0.409,0.1816,-0.3644,NA,3,3,3,3,3,4,4,4,16,2
55405338,15.75,-0.0614,-0.5707,0.8794,59.89,-0.4396,12,0.1222,-1.0064,0.5572,-0.6537,1500,3,3,3,3,3,3,3,4,16,2
55402259,16.08,1.1262,0.6314,0.5949,25.95,0.0477,10,-1.4704,1.2421,-1.9715,0.4798,1500,3,4,4,4,3,2,3,4,16,1
55402414,15.33,-0.0614,0.1956,1.4083,75.13,0.2646,10,0.1222,0.409,0.2694,-0.3644,1350,3,3,3,3,3,3,4,4,17,3
55406987,15.58,-1.0884,0.4352,1.8905,58.07,0.0477,15,0.6994,-0.0362,1.4205,-0.6914,1500,2,3,3,2,2,4,4,4,15,2
55407994,16.08,-0.0328,1.1811,1.8905,71.39,1.1793,15,-1.0985,2.101,0.391,-0.62,2580,3,4,2,3,3,4,4,4,13,2
55400732,16,2.3693,-0.733,0.4637,20.95,1.1793,10,-1.2042,2.101,-2.7114,-0.62,1500,4,4,4,4,4,3,3,3,17,1
55401789,15.67,-0.5782,0.4352,0.8207,43.33,1.1793,12,0.1222,-0.0697,2.6131,-0.0042,1500,4,3,3,1,3,4,3,3,19,2
55406492,15.33,-0.4759,2.0054,-1.8939,17,0.031,15,1.0657,-1.8876,-1.7421,0.5102,1500,2,2,4,3,3,1,1,1,17,2
55407247,16.17,-0.8109,-0.2661,0.4637,24.98,-1.0752,12,-1.0985,1.6792,-1.1538,-0.62,NA,3,3,2,2,3,3,3,3,15,2
55405171,15.33,-1.0746,-0.2661,1.3423,86.72,-0.4903,14,-0.4419,0.7693,0.0828,0.2751,1375,3,3,2,1,3,4,4,3,14,2
55405830,16.08,0.7728,0.7262,-0.6133,58.77,-0.4903,15,-0.4089,1.2421,-0.2875,0.1494,1320,4,4,2,4,3,1,2,3,18,1
55401749,15.67,-0.5536,-0.6888,0.1097,59.76,0.0477,14,0.6994,0.3787,1.5998000000000001,0.5135,1440,3,3,3,3,2,2,3,3,17,2
55402693,15.83,NA,NA,NA,32.2,-1.0752,10,-0.7391,1.5959,1.2374,0.4764,NA,NA,NA,NA,NA,NA,NA,NA,NA,17,NA
55403475,16.25,-0.0614,-0.2661,-0.3799,41.27,-1.0571,NA,-0.849,-1.8876,-1.1538,0.7551,2400,3,3,3,3,3,2,2,3,18,3
55400328,16.17,-0.5782,0.3709,-0.2459,51.56,-0.4396,10,0.6632,1.9635,-1.9715,0.378,1440,4,3,3,1,3,4,2,2,18,2
55400522,15.42,0.6769,0.849,1.8905,79.49,0.0268,15,1.2374,-0.524,2.6131,1.0419,1375,4,4,4,2,3,4,4,4,15,2
55406144,15.5,-0.7997,-0.2661,1.8905,50.15,-1.1878,14,-0.4419,1.1604,1.01,-1.2261,1500,2,3,3,2,3,4,4,4,17,2
55403302,16,-0.0614,0.1956,-0.687,NA,1.1793,NA,-0.4089,0.409,0.3568,0.5102,1560,3,3,3,3,3,2,2,2,18,2
55406528,15.75,1.6219,1.1811,-1.1597,51.56,0.031,12,-1.0985,-0.0362,-0.0721,0.4764,1560,4,4,3,4,4,1,2,1,12,1
55400379,16.08,-0.0614,-0.2047,0.052,38.58,0.0477,14,0.8214,-0.0362,1.2316,-0.62,1500,3,3,3,3,3,3,3,2,16,2
55405277,15.25,0.7251,-0.9792,-1.8939,57,1.1793,14,-0.1056,0.409,-2.7114,-0.9225,2100,4,4,3,3,3,1,1,1,16,1
55406197,15.83,-0.0328,-0.5707,1.8905,43.33,-0.4903,14,0.1222,0.409,0.0995,0.4764,NA,3,4,2,3,3,4,4,4,18,1
55400633,15.83,-0.0614,0.1956,0.4637,24.09,-1.7306,15,-0.849,-0.0697,-0.2704,0.5102,NA,3,3,3,3,3,3,3,3,11,3
55404589,15.92,0.7872,0.7871,-1.2319,70.4,1.1793,15,0.1222,0.8207,0.205,-0.2288,NA,3,4,3,4,3,2,1,2,19,1
55404856,15.42,-1.0721,1.1811,0.4637,62.13,-0.3792,12,0.1222,1.2421,-0.0881,-0.6163,NA,2,2,3,3,2,3,3,3,14,2
55405296,15.75,-0.0614,-0.9792,0.4637,22.77,0.2646,NA,0.1222,0.409,0.7396,-0.62,1440,3,3,3,3,3,3,3,3,15,2
55407965,15.67,0.8092,-0.8705,-1.8939,51.56,1.1793,12,1.2374,-1.126,-0.0493,-0.6237,NA,4,4,2,3,4,1,1,1,12,1
55400239,16,NA,NA,NA,43.85,-0.8449,12,-0.4419,0.795,-0.2204,0.2464,NA,NA,NA,NA,NA,NA,NA,NA,NA,16,NA
55400352,16.25,-1.4832,-2.345,-1.8939,24.53,-1.0118,10,0.1222,0.9065,NA,NA,NA,2,2,2,2,2,1,1,1,18,NA
55401840,16.25,0.0501,-0.2661,-0.687,57.37,-0.8449,15,0.1222,-0.6311,0.2363,0.891,NA,3,3,2,3,4,2,2,2,16,2
55404928,15.83,-0.5176,0.1956,-0.687,43.33,0.0477,12,0.1222,-0.0697,-0.2875,-0.3302,NA,3,3,3,2,3,2,2,2,18,2
55405722,15.67,NA,NA,NA,NA,NA,NA,NA,NA,NA,NA,NA,NA,NA,NA,NA,NA,NA,NA,NA,19,NA
55407124,15.83,-0.0614,-1.1309,0.4637,NA,1.1793,12,0.1222,1.2421,0.428,-0.2336,1400,3,3,3,3,3,3,3,3,19,3
55400856,15.58,0.3611,0.1956,0.5949,68.54,-0.8243,15,0.1222,0.409,-0.9609,1.0419,1250,3,3,4,3,3,2,3,4,16,2
55404519,16.25,-0.4684,1.2643,-0.6133,19.78,-1.5164,12,0.1222,-0.1817,-1.3158,-0.62,1500,3,3,2,3,3,1,2,3,15,3
55404776,16.08,-0.0614,1.1811,1.8905,37.59,-0.8947,10,0.1222,0.409,-0.4556,-0.6163,NA,3,3,3,3,3,4,4,4,16,3
55405807,15.42,-0.0614,1.1811,0.4637,63.03,0.1806,15,-0.849,1.2421,-0.6483,-0.0716,NA,3,3,3,3,3,3,3,3,17,3
55405909,15.5,-0.4684,0.1956,-1.8939,82.41,-1.1827,10,-0.4419,0.409,-0.1042,-0.3335,NA,3,3,2,3,3,1,1,1,16,1
55406445,16,-0.0129,-0.2661,-0.3799,65.12,-0.5813,12,-0.849,1.5959,-0.8812,0.4798,NA,3,3,3,2,4,2,2,3,17,3
55406777,16,-0.0328,-0.5707,0.0208,23.8,1.1793,12,0.1222,0.409,0.5572,0.2751,NA,3,4,2,3,3,3,2,4,16,4
55403162,16.08,-0.8113,-0.2661,-0.4342,76.65,-0.4396,15,1.2374,-0.524,0.5572,-0.103,1380,2,4,2,3,2,3,2,2,16,2
55403326,15.92,0.4314,0.849,1.8905,18.08,-2.4403,12,-0.4089,0.1856,-0.3026,-0.3335,2160,2,3,4,4,3,4,4,4,13,3
55403576,16,-1.4832,-0.9792,-0.687,65.64,-1.6618,10,-1.4704,0.5082,-0.9016,-1.2261,1320,2,2,2,2,2,2,2,2,19,2
55404568,15.42,-0.0614,-0.6888,0.0208,NA,1.1793,10,-0.5485,-0.0697,-0.5262,0.5102,NA,3,3,3,3,3,3,2,4,18,3
55400130,16.08,1.1268,0.7871,-1.8939,65.12,1.1793,12,1.8839,-1.8876,-0.2388,0.2783,1375,4,3,4,3,4,1,1,1,16,2
55407071,16.08,-0.8273,-0.8705,-0.13,82.41,-1.1123,15,-0.7133,-0.556,0.9011,0.5102,1375,3,2,3,2,3,2,3,2,15,1
55400433,15.92,0.3858,-0.8705,0.0208,49.48,1.1793,12,-1.0985,0.8207,0.8628,0.4798,1500,3,4,3,3,3,3,2,4,17,1
55401425,16,-1.0677,-1.7009,1.8905,59.89,1.1793,15,-2.4403,1.137,-1.4526,0.2464,NA,3,3,1,3,2,4,4,4,17,3
55401569,15.83,-0.1769,2.0054,1.1422,18.08,1.1793,NA,-0.4089,0.7067,1.3468,2.0871,NA,3,3,NA,3,3,3,4,3,11,3
55400160,16,-0.4684,0.1956,-0.4342,74.66,0.0477,15,0.1222,0.5082,0.3568,-0.9225,1350,3,3,2,3,3,3,2,2,17,2
55402397,15.58,0.3858,0.1956,1.8905,75.54,1.1793,15,-0.849,1.137,-0.5753,0.2432,1350,3,4,3,3,3,4,4,4,17,4
55404461,16.08,0.3858,-0.9792,-0.687,68.55,1.1793,15,0.1222,-0.0697,0.0127,1.4931,1650,3,4,3,3,3,2,2,2,19,3
55404780,16.25,1.233,2.0054,-1.8939,62.39,1.1793,10,-2.4403,0.1856,-1.3532,-1.6579,1650,2,4,4,4,4,1,1,1,13,1
55405898,16.08,-1.7374,-0.6888,1.8905,68.54,-0.4903,10,0.1222,0.409,0.638,2.0871,1620,3,3,1,1,1,4,4,4,14,4
55406556,15.5,-1.1916,2.0054,0.1097,76.98,1.1793,12,-0.7391,2.7752,-0.7637,0.0515,1500,NA,4,1,2,2,2,3,3,18,1
55400312,16.08,-0.0614,1.2643,-0.687,88.7,1.1793,15,1.2374,-0.0362,2.0787,0.7904,1375,3,3,3,3,3,2,2,2,19,2
55400411,15.75,-0.0614,-0.5707,-0.3799,19.66,-0.4396,15,0.1222,0.9065,-0.8353,0.2464,1500,3,3,3,3,3,2,2,3,17,2
55401055,15.92,-0.4909,-0.2661,-1.4242,55.25,0.7604,10,-0.825,0.5082,-2.7114,-1.7115,1925,3,2,3,3,3,1,1,2,19,1
55401072,16,-0.4684,0.1956,-0.3799,51.56,1.1793,14,0.1222,-0.0697,-1.1538,-0.62,1375,3,3,2,3,3,2,2,3,17,2
55401527,15.67,-1.0837,-0.9792,-0.687,60.29,1.1793,10,0.1222,-0.524,-1.352,2.0871,1250,4,3,1,1,3,2,2,2,17,3
55400115,16.17,-0.4684,1.1811,0.8207,65.12,-0.9888,14,NA,NA,-0.2704,0.4105,2200,3,3,2,3,3,4,3,3,19,2
55400128,15.33,-0.0614,-1.1309,0.4637,68.7,1.1793,15,0.1222,-0.524,-1.2627,0.5102,1375,3,3,3,3,3,3,3,3,18,3
55400317,15.58,0.7034,-2.345,-0.3799,14.21,0.0477,14,-0.825,1.2421,1.2316,1.4931,1375,4,3,4,3,3,2,2,3,18,3
55406754,16,-0.0328,1.1811,0.8207,75.54,1.1793,12,-0.4419,-0.0697,-0.1542,-0.3335,NA,3,4,2,3,3,4,3,3,18,1
55407408,15.75,2.3693,2.0054,-1.4869,68.7,1.1793,15,1.8839,2.7752,0.7942,2.0871,NA,4,4,4,4,4,2,1,1,18,1
55407651,16.17,0.4269,1.1811,-0.2459,85.41,1.1793,15,1.2374,-0.524,2.6131,-0.3644,1925,3,4,3,2,4,4,2,2,19,2
55400668,15.83,0.0501,0.7871,-0.0288,57.37,1.1793,14,0.8214,-0.0362,0.0995,0.2464,NA,3,3,2,3,4,4,2,3,16,2
55403985,15.58,-0.0614,0.1956,0.052,82.31,1.1793,15,0.1222,0.5082,0.638,-0.9225,1375,3,3,3,3,3,3,3,2,9,2
55405345,16.17,-0.0614,-0.2661,-0.3799,50.37,0.7604,10,0.1222,0.5082,-0.1542,-2.3003,1575,3,3,3,3,3,2,2,3,17,2
55408099,15.58,-0.4909,-0.4631,1.0671,75.54,1.1793,15,1.0657,-1.1635,-1.793,-2.3003,1440,3,2,3,3,3,4,3,4,16,4
55405454,15.83,-0.4292,-0.5707,0.1097,49.48,0.0477,12,0.1222,0.5082,0.8628,-1.3412,1560,3,3,2,2,4,2,3,3,17,2
55407857,15.33,-0.0614,0.571,0.4637,58.77,-0.8449,15,-1.497,0.409,-0.6535,-0.62,NA,3,3,3,3,3,3,3,3,7,3
55404603,16.17,0.7877,1.1811,-1.059,84.14,1.1793,15,0.1222,-1.8876,-0.6278,-0.62,1320,4,3,3,3,4,3,1,2,16,2
55404446,15.5,-0.0614,-0.2661,0.4637,33.76,-1.6145,14,-0.4419,-0.0697,-1.1538,0.5102,NA,3,3,3,3,3,3,3,3,13,3
55406183,15.83,-0.0614,0.1956,-0.687,65.12,-0.8449,15,0.1222,0.9065,-1.3214,0.5102,1350,3,3,3,3,3,2,2,2,16,3
55402680,16.17,-0.5176,0.1956,0.8207,30.59,-0.8449,10,0.1222,-0.556,-0.861,-1.515,1400,3,3,3,2,3,4,3,3,19,3
55403752,16.25,-1.0974,-0.2661,0.8207,68.7,0.2646,10,0.1222,-0.0697,-2.7114,0.5102,1260,3,3,2,2,2,4,3,3,14,3
55404649,15.58,-0.0614,-0.2661,-0.9295,20.95,0.0477,12,-0.849,0.3787,-0.5753,2.0871,1500,3,3,3,3,3,1,2,2,17,3
55403312,15.92,-0.0614,-0.9792,0.8794,81.92,1.1793,15,1.2374,-0.0362,1.6946,2.0871,1500,3,3,3,3,3,3,3,4,19,2
55405466,15.25,-0.7793,2.0054,0.4637,51.56,-1.0571,15,1.1971,-1.8876,0.3703,-1.2261,1750,2,2,3,3,3,3,3,3,16,1
55406298,16.17,-0.0614,0.1956,-1.8939,76.49,-0.8543,12,-1.0985,1.2421,-0.9873,0.5102,1450,3,3,3,3,3,1,1,1,16,3
55405272,15.58,1.2011,0.7262,-1.8939,21.64,-2.9896,10,-0.7391,0.7693,-2.7114,2.0871,1440,4,4,2,4,4,1,1,1,14,2
55406016,16,-0.0614,-0.2661,1.8905,76.49,1.1793,15,-1.4704,-0.0697,-0.6146,0.5102,1375,3,3,3,3,3,4,4,4,16,1
55400616,16.17,0.2883,-0.4112,0.4637,76.65,1.1793,15,-1.0985,1.2421,-0.3377,-0.62,1500,4,3,4,2,3,3,3,3,15,3
55402312,15.5,-0.5176,-0.5707,-0.4342,60.29,1.1793,15,-0.4089,1.2421,-1.1538,0.7551,2750,3,3,3,2,3,3,2,2,15,2
55403872,15.83,-0.0614,0.1956,0.4637,67.94,1.1793,15,0.1222,-0.524,-0.4389,0.5102,1500,3,3,3,3,3,3,3,3,10,2
55401814,15.75,-0.4684,0.1956,-0.2006,62.13,0.031,12,-1.0985,1.5715,0.2864,0.5102,NA,3,3,2,3,3,3,2,3,10,1
55406393,15.33,-1.7018,-0.6151,1.8905,48.13,-1.9183,10,1.8839,-1.8876,-0.0176,1.1847,NA,3,2,1,1,2,4,4,4,15,1
55406820,15.42,1.59,-1.7664,0.2734,30.34,1.1793,12,0.6994,-1.126,1.4712,0.7551,NA,4,3,4,4,4,4,2,4,12,1
55403437,16.17,-0.4684,-0.2661,-0.4342,76.65,-0.8243,12,0.1222,0.409,-0.7029,-0.0104,1320,3,3,2,3,3,3,2,2,12,2
55404409,16,-0.0614,0.1956,0.4637,60.92,1.1793,15,0.1222,0.5082,0.3252,-0.3302,NA,3,3,3,3,3,3,3,3,17,2
55405266,15.42,-0.0614,-0.2661,0.4637,68.7,1.1793,15,-0.4419,0.5082,-0.4556,0.5102,NA,3,3,3,3,3,3,3,3,18,3
55407066,15.83,0.2442,2.0054,-0.3288,69.24,1.1793,15,1.0657,-1.8876,0.1649,-2.3003,1265,4,3,4,3,2,1,2,4,17,1
55400046,15.83,-0.0614,-0.733,-0.3799,26.64,-1.1123,10,0.1222,-0.0362,-1.7421,-0.3605,3000,3,3,3,3,3,2,2,3,10,1
55400617,16,0.4152,2.0054,-0.3799,58.07,0.0477,14,0.1222,-0.0362,-0.1042,0.7869,1500,3,3,3,4,3,2,2,3,17,1
55406348,15.75,-0.096,0.571,1.8905,45.76,1.1793,NA,1.8839,-1.0064,-0.2008,-2.3003,2100,3,4,3,2,3,4,4,4,18,4
55405023,15.67,-0.5176,0.571,0.1097,58.07,-0.6853,14,0.1222,-1.0064,-0.5262,0.7869,NA,3,3,3,2,3,2,3,3,16,2
55404081,16.25,-0.0614,0.1956,0.4637,28.48,1.1793,10,0.1222,1.2421,0.8628,-0.62,NA,3,3,3,3,3,3,3,3,12,3
55401347,16.17,2.3693,-0.9792,-1.8939,84.14,0.0477,15,1.8839,-1.8876,1.5998000000000001,2.0871,NA,4,4,4,4,4,1,1,1,17,1
55401686,15.58,-0.8109,-0.4631,0.8794,57.03,-1.0118,10,-0.825,-0.0697,-2.7114,-2.3003,1650,3,3,2,2,3,3,3,4,16,3
55400289,15.83,-0.4684,-0.9792,-0.2006,57.03,0.0477,12,0.8214,-0.0697,1.5016,0.4105,1375,3,3,2,3,3,3,2,3,15,3
55401151,15.75,-0.5325,-1.4383,1.8905,78.86,-0.4903,15,0.1222,-0.1817,1.5482,1.4931,1680,3,4,2,3,2,4,4,4,18,1
55401256,15.75,0.399,0.6314,-0.1558,68.7,0.0477,15,-0.4089,1.2421,0.0127,-1.2261,1125,4,3,2,4,3,2,2,4,18,2
55402135,15.5,-0.8109,-0.5707,0.4637,68.7,1.1793,15,0.6994,-0.524,1.0123,0.4798,1250,3,3,2,2,3,3,3,3,19,1
55405056,15.75,-0.0614,0.571,-0.3799,51.56,1.1793,15,-0.4089,0.5371,-0.7413,-1.0705,NA,3,3,3,3,3,2,2,3,14,2
55407917,16.25,-0.4684,-0.733,0.1097,43.19,-2.9896,NA,-0.825,1.2421,-1.0322,-0.6575,NA,3,3,2,3,3,2,3,3,14,3
55401319,15.33,-0.4531,0.6314,-0.687,NA,-0.6853,10,-0.849,1.2421,-0.2704,-0.3335,NA,2,3,3,3,3,2,2,2,9,3
55401974,15.67,-0.0614,0.1956,0.4637,25.51,-1.6145,10,-1.3543,1.2421,0.3252,-0.62,1375,3,3,3,3,3,3,3,3,18,2
55402323,16.25,1.6438,-0.5707,1.8905,68.7,-1.1268,10,-0.1589,0.409,0.2381,0.7551,NA,3,4,4,4,4,4,4,4,18,4
55403158,16,1.6438,2.0054,0.855,NA,-1.0527,10,1.1971,1.0578,1.5806,1.4882,NA,3,4,4,4,4,4,4,1,10,4
55406957,16,0.0018,-0.733,1.3423,58.77,-1.3835,12,0.1222,0.409,0.1984,0.6521,NA,3,3,2,4,3,4,4,3,17,3
55407416,15.83,-0.8018,-2.345,1.0109,30.78,-0.4396,10,1.8839,2.7752,-1.2014,0.5102,1500,4,2,1,3,3,1,4,4,11,1
55401385,15.58,0.4027,0.7871,-0.7592,79.74,1.1793,15,1.2374,-0.0697,0.9908,0.8594,1800,3,3,4,2,4,3,2,1,18,1
55403139,16.08,-0.8738,-0.5707,0.052,70.34,1.1793,15,1.8839,-1.8876,0.5385,0.7551,1500,3,3,3,2,2,3,3,2,17,3
55405957,15.67,-0.0614,-0.2047,1.8905,72.3,0.0477,12,0.1919,0.5371,-0.7595,-0.6163,1440,3,3,3,3,3,4,4,4,19,1
55400015,15.42,0.4084,0.1956,0.052,80.75,1.1793,14,1.8839,-0.524,1.9404,1.1543,NA,3,4,NA,3,3,3,3,2,16,2
55401597,15.83,-0.0614,-0.5707,-1.1858,65.01,-0.9779,15,-0.7642,-0.0362,-0.2704,1.0383,1500,3,3,3,3,3,1,1,3,16,2
55405046,16,-0.0614,-0.5707,0.4637,14.64,0.1806,NA,-1.0985,0.9065,-0.1542,1.5391,1500,3,3,3,3,3,3,3,3,18,3
55400500,15.58,-0.0129,-0.2661,0.9109,63.31,-0.4903,14,1.8839,-0.524,1.0123,-0.62,NA,3,3,3,2,4,3,4,2,16,2
55404202,15.75,-2.1837,-2.345,1.8905,70.4,-0.8947,10,-2.4403,2.7752,-0.9873,0.0546,NA,2,2,1,1,1,4,4,4,17,4
55404492,15.83,-0.5536,-0.6888,-0.687,57.99,-1.2049,NA,-0.849,0.3787,-0.4556,0.5102,2280,3,3,3,3,2,2,2,2,15,2
55405248,15.67,-1.3413,0.7871,0.8794,50.9,-1.2049,15,-0.4419,0.409,-0.4718,-0.5068,1540,3,3,2,2,1,3,3,4,16,2
55404330,16,-0.0614,0.3709,0.052,NA,0.1806,15,-0.4089,0.5082,-0.1042,-0.62,720,3,3,3,3,3,3,3,2,11,2
55406079,15.92,1.6219,1.1811,0.8794,86.72,1.1793,15,1.8839,-0.556,1.5482,2.0871,NA,4,4,3,4,4,3,3,4,16,1
55405322,16.25,-0.0614,-0.6888,-1.1858,88.7,0.4433,15,-0.849,1.2421,-1.0322,-0.2336,1200,3,3,3,3,3,1,1,3,12,1
55407696,15.67,2.3693,-0.6888,1.8905,68.7,1.1793,12,0.1222,1.2421,0.2694,2.0871,1500,4,4,4,4,4,4,4,4,17,3
55401621,16,1.5024,0.7871,-0.3799,80.75,1.1793,12,0.6994,0.409,-1.7421,0.1526,1500,4,4,4,4,3,2,2,3,15,1
55407630,15.83,-0.5176,0.1956,-0.2006,51.56,-0.6853,15,1.2374,-1.8876,0.4627,-0.0999,1440,3,3,3,2,3,3,2,3,17,2
55400236,15.58,0.7761,0.1956,-0.4342,76.49,1.1793,15,0.1222,-1.8876,-0.2284,0.4764,1375,3,4,4,2,4,3,2,2,15,2
55401356,15.58,-0.8109,-0.5707,1.8905,72.27,1.1793,15,-1.0985,1.9635,0.1298,0.5102,1375,3,3,2,2,3,4,4,4,18,3
55405527,15.92,-0.4957,1.1811,1.8905,65.42,1.1793,14,1.2374,-0.524,0.7546,2.0004,1500,3,4,2,2,3,4,4,4,11,1
55407469,16.25,NA,-1.3898,NA,26.64,-1.2793,14,0.402,0.9315,1.4712,-0.3335,NA,NA,NA,NA,NA,NA,NA,NA,NA,17,NA
55403610,16,-0.0136,-0.2661,1.8905,39.02,-1.1123,15,0.1222,0.5082,-0.511,-0.5106,NA,2,4,3,3,3,4,4,4,19,2
55402781,15.33,-0.8469,0.2653,1.8905,68.54,0.2646,15,1.8839,-0.6311,1.7513,-0.8848,1925,3,3,3,1,3,4,4,4,17,3
55405314,16,0.3611,0.0385,-0.687,55.03,-1.0118,12,0.1222,0.409,0.6977,-2.3003,2400,3,3,4,3,3,2,2,2,15,4
55403165,15.92,-1.2865,-0.2661,-0.2006,24.98,1.1793,NA,-1.0985,0.3787,-1.4526,0.5102,1500,2,3,2,2,2,3,2,3,18,3
55406271,16,-0.4684,-0.4112,0.052,20.95,-1.5532,10,-0.4419,0.409,-0.2704,0.5102,2760,3,3,2,3,3,3,3,2,17,3
55406662,15.5,-0.0614,-0.2047,-0.687,26.85,0.7604,15,1.8839,-1.8876,-0.2786,-0.9225,1500,3,3,3,3,3,2,2,2,17,3
55403456,16,2.3693,0.411,-0.1558,68.54,1.1793,15,1.8839,-0.6311,-2.7114,2.0871,1500,4,4,4,4,4,2,2,4,19,1
55405132,15.33,-0.0614,0.411,0.4637,65.12,-1.2793,10,-1.0985,1.2421,-0.2704,0.2464,1800,3,3,3,3,3,3,3,3,16,3
55406442,15.58,0.2569,-0.2661,1.4083,68.54,0.0477,14,1.8839,0.5082,2.0787,0.2751,1925,4,4,4,1,3,3,4,4,18,1
55407003,16.33,-0.0614,-0.733,-0.687,65.12,-0.4903,10,1.0657,-0.0362,-0.2704,0.5102,1375,3,3,3,3,3,2,2,2,15,1
55407880,15.75,-0.4531,2.0054,-0.2006,43.19,1.1793,12,-1.4704,1.2421,-2.7114,0.5102,1265,2,3,3,3,3,3,2,3,15,2
55408042,15.58,-0.8738,0.1956,-0.687,68.7,0.0477,15,-2.4403,1.6792,-2.7114,0.5102,1500,3,3,3,2,2,2,2,2,12,2
55401386,15.67,-0.8109,-0.2047,0.4637,61.82,1.1793,15,-0.4419,-0.0697,1.0445,0.5135,NA,3,3,2,2,3,3,3,3,19,2
55402439,16.08,1.1651,1.1811,0.4637,85.41,1.1793,15,1.2374,-0.524,1.1891,-0.8885,1500,3,4,4,3,4,3,3,3,16,3
55403446,16,-0.8575,-0.1401,1.8905,86.72,0.0477,15,1.8839,-1.8876,2.6131,-0.4747,1500,4,3,2,1,3,4,4,4,17,2
55405766,15.33,-0.5176,0.7262,-0.687,76.49,1.1793,15,-0.825,1.2421,0.0995,-1.2261,1500,3,3,3,2,3,2,2,2,19,3
55405938,16.25,-0.0614,-0.2661,1.0671,72.94,1.1793,15,0.1222,-1.126,0.4627,1.0741,1500,3,3,3,3,3,4,3,4,19,1
55406300,16,0.7872,-0.9792,0.4637,51.56,1.1793,15,0.1222,-0.0697,0.0127,-0.3003,1500,3,4,3,4,3,3,3,3,15,3
55403405,16.08,-0.0813,-0.5707,-1.4869,78.86,0.0477,15,1.8839,-0.0362,1.5482,-0.7358,1500,3,4,2,4,2,2,1,1,12,3
55404048,15.33,-1.6936,0.0385,1.8905,62.39,1.1793,12,0.1222,-1.126,-1.0555,2.0871,1500,2,2,2,1,2,4,4,4,16,2
55405165,16,-0.0614,-0.2661,-0.687,22.77,0.7604,14,0.1222,-0.0697,2.6131,0.0236,NA,3,3,3,3,3,2,2,2,17,1
55407063,15.75,-0.7737,-0.2661,0.052,70.34,1.1793,15,0.1222,-0.524,0.6523,0.7904,1500,3,3,1,3,3,3,3,2,16,1
55407950,15.58,NA,NA,NA,NA,NA,NA,NA,NA,NA,NA,NA,NA,NA,NA,NA,NA,NA,NA,NA,18,NA
55400483,15.33,-0.5176,-0.5707,-0.4342,33.76,-0.4396,14,-0.4089,0.409,-1.7421,0.2464,1500,3,3,3,2,3,3,2,2,18,3
55404426,15.83,-0.8273,0.1956,-0.4342,76.65,0.0477,14,0.1222,0.5082,0.2363,-0.62,1500,3,2,3,2,3,3,2,2,17,2
55405760,15.67,-1.1359,0.7871,0.8794,44.14,-3.0862,12,-0.4089,1.6792,-0.3253,0.2719,1500,3,4,2,2,1,3,3,4,15,4
55407890,15.42,-0.096,0.3709,0.1097,50.15,-0.4903,12,-0.4089,1.1604,-0.7637,1.1543,2000,3,4,3,2,3,2,3,3,16,2
55402653,15.92,2.3693,2.0054,1.8905,86.72,1.1793,15,1.8839,-1.8876,0.5572,-2.3003,1350,4,4,4,4,4,4,4,4,18,4
55404384,15.92,0.3308,1.2643,1.8905,73.91,1.1793,12,0.1919,0.0755,0.7568,1.5391,1350,3,4,4,2,3,4,4,4,15,2
55404986,16,-0.115,0.7871,1.1911,77.1,1.1793,15,0.8214,-0.524,-0.2704,1.1847,1350,4,4,2,2,3,2,4,4,18,3
55406572,15.58,-1.4832,-0.9792,-0.687,15.35,-1.1443,12,-0.7391,-0.0697,-0.4556,-0.62,NA,2,2,2,2,2,2,2,2,17,3
55401203,15.75,-0.0614,-0.733,NA,65.12,-1.8813,12,-2.4403,-1.1635,-1.9715,0.5102,1125,3,3,3,3,3,NA,1,1,12,3
55401786,16,1.5024,1.1811,-0.7592,73.91,1.1793,12,0.1222,0.409,0.0995,-2.3003,1530,4,4,4,4,3,3,2,1,17,2
55402191,15.33,-0.0614,0.1956,-0.3799,58.77,-0.6853,12,0.1222,-0.0697,-0.6483,-0.103,NA,3,3,3,3,3,2,2,3,13,4
55403464,15.5,-0.0614,0.1956,-0.4342,50.15,-0.4396,14,0.1222,-0.0697,0.1499,0.5102,2250,3,3,3,3,3,3,2,2,19,2
55400097,15.42,-1.0974,-0.2661,1.0944,52.7,-0.8449,12,0.8214,-0.556,1.7513,2.0871,1500,3,3,2,2,2,4,4,2,17,2
55406578,15.75,-0.0614,0.1956,0.4637,28.48,-0.8532,14,-2.4403,-1.8876,-0.4556,-0.62,1440,3,3,3,3,3,3,3,3,16,2
55400473,15.75,-0.4909,-0.2661,0.4637,19.78,-1.0118,10,1.8839,-1.8876,-1.0555,0.5102,1925,3,2,3,3,3,3,3,3,15,4
55401721,15.83,NA,-0.5707,NA,39.02,1.1793,12,0.1222,-0.0697,-0.2704,0.6463,NA,NA,NA,NA,NA,NA,NA,NA,NA,17,NA
55402696,15.92,-0.1433,-0.2661,-0.3799,51.56,-0.3487,12,0.1222,0.9065,-0.5959,2.0871,750,4,3,3,2,3,2,2,3,16,2
55407269,15.75,-0.0614,0.1956,-0.13,40.54,-0.8449,15,-1.0985,0.8812,0.1372,-0.62,1375,3,3,3,3,3,2,3,2,12,3
55407271,15.75,-0.0667,2.0054,1.8905,56.64,-0.9386,14,0.1222,-1.126,0.4627,0.3073,1375,4,4,2,1,4,4,4,4,19,2
55407116,16.17,-0.0614,0.1956,-0.687,70.34,-0.2954,15,0.1222,-1.8876,0.4607,0.5102,1650,3,3,3,3,3,2,2,2,17,2
55401377,15.33,NA,-0.5707,0.8794,78.17,-1.0118,12,0.1222,0.5082,0.0127,0.2495,NA,NA,NA,NA,NA,NA,3,3,4,17,2
55406726,15.33,-0.0614,0.1956,-0.687,NA,0.0477,5.5,0.1222,1.2421,0.1372,-0.62,NA,3,3,3,3,3,2,2,2,18,2
55402963,16.25,-1.321,-0.733,-0.3799,54,-0.9779,15,-1.0985,1.9635,-1.4882,-1.7115,1500,3,3,2,1,2,2,2,3,16,4
55404543,15.42,-0.4684,0.7871,-0.4342,70.5,-0.8449,15,0.1222,0.9065,-2.7114,-0.62,NA,3,3,2,3,3,3,2,2,18,3
55407843,15.83,-0.4684,-2.345,-0.3799,26.85,1.1793,15,-0.825,1.6541,-0.5831,0.7551,NA,3,3,2,3,3,2,2,3,12,1
55401181,16.17,-0.4684,-0.2661,-0.3799,74.66,-1.2622,14,0.1222,-1.8876,0.0127,-0.3302,1200,3,3,2,3,3,2,2,3,15,3
55406255,15.33,-0.0614,0.1956,-0.4342,59.89,1.1793,12,0.1222,-0.0697,0.5046,-0.2336,1500,3,3,3,3,3,3,2,2,17,2
55406346,16.17,-1.7374,-0.9792,1.8905,76.49,0.0477,15,1.8839,0.0755,2.6131,2.0871,3000,3,3,1,1,1,4,4,4,17,4
55408001,16.25,0.4793,0.1956,0.8207,76.65,-0.4903,15,1.8839,-1.126,1.4205,2.0871,1500,3,4,2,3,4,4,3,3,19,1
55406787,16.17,0.3693,-0.5707,0.4637,88.31,1.1793,15,0.1222,0.409,0.4627,0.7904,NA,4,4,2,3,3,3,3,3,19,1
55400299,15.67,-0.0614,0.1956,0.4637,75.54,-0.5668,15,0.1222,-0.524,0.5572,0.7551,2400,3,3,3,3,3,3,3,3,15,2
55404989,16.25,-0.0614,-0.2661,-1.8939,39.02,1.1793,12,0.1222,-0.0697,-0.2704,0.2464,1740,3,3,3,3,3,1,1,1,19,1
55407871,16.25,2.3693,-0.8865,-1.8939,58.77,-2.0089,15,-2.4403,2.7752,-2.7114,-0.62,NA,4,4,4,4,4,1,1,1,15,1
55400611,15.67,NA,NA,NA,20.95,1.1793,3,0.1222,0.9065,0.428,0.8945,NA,NA,NA,NA,NA,NA,NA,NA,NA,16,NA
55400691,15.83,0.3858,0.6314,-0.6133,75.13,1.1793,15,0.1222,-0.524,-0.5784,-0.5068,2255,3,4,3,3,3,1,2,3,17,2
55402440,15.83,0.3858,0.6314,1.8905,70.5,-0.9779,15,0.8214,-0.0697,0.2694,0.2432,1375,3,4,3,3,3,4,4,4,19,2
55402673,15.58,1.2011,1.2643,-1.1858,24.98,NA,14,-0.9323,-0.0697,-1.9715,0.5102,NA,4,4,2,4,4,1,1,3,17,1
55406329,15.83,-1.0491,0.1956,0.4637,65.12,0.0477,15,0.1222,-0.0697,-1.1538,-0.62,1375,2,2,3,2,3,3,3,3,17,2
55406671,15.92,-0.0614,-0.2661,0.8794,73.71,1.1793,10,0.1222,0.795,-0.4934,-0.6163,NA,3,3,3,3,3,3,3,4,18,2
55407553,16.08,-0.0614,0.1956,1.8905,39.02,-0.6853,10,-1.8008,2.101,-2.7316,0.4764,NA,3,3,3,3,3,4,4,4,8,4
55400760,15.42,0.3858,-0.2661,-0.4342,59.35,0.0477,15,0.1222,-0.524,1.2316,-0.3644,1375,3,4,3,3,3,3,2,2,17,1
55406627,16.08,-0.1433,0.7262,-0.4342,68.7,-1.3873,12,0.1222,0.0755,-1.0279,0.1214,1375,4,3,3,2,3,3,2,2,16,2
55401957,15.5,-0.5176,0.2653,-0.2006,81.05,1.1793,15,1.2374,-0.0697,2.6131,-0.3335,1500,3,3,3,2,3,3,2,3,18,1
55405426,15.5,-0.4957,-0.8705,1.4083,50.15,-0.4903,15,0.8214,-1.0064,1.0123,1.0419,NA,3,4,2,2,3,3,4,4,19,3
55401985,15.5,-0.5176,-0.9792,-0.4342,78.86,0.0477,14,0.1222,-0.524,0.0127,0.5102,1250,3,3,3,2,3,3,2,2,18,3
55403104,15.67,-0.8416,-0.9792,1.8905,36.92,-1.6291,14,0.1222,-0.0697,-0.5091,-1.515,1500,4,4,1,1,3,4,4,4,16,1
55404682,15.83,-1.333,0.7871,-0.687,76.65,-1.2049,15,-0.825,1.137,-2.7114,-1.3451,1440,3,2,3,1,2,2,2,2,18,3
55406658,15.75,0.7251,0.7871,0.1097,32.67,1.1793,3,0.1222,-0.1817,0.8628,1.0383,1375,4,4,3,3,3,2,3,3,17,2
55401224,16.17,-1.2865,1.1811,1.4083,76.65,0.7604,12,-0.4089,1.2658,-0.2087,-0.3644,2100,2,3,2,2,2,3,4,4,16,4
55402070,16,0.7872,0.3709,1.4083,58.07,-0.8947,NA,-0.9937,0.439,-1.3214,0.0229,1500,3,4,3,4,3,3,4,4,15,1
55402631,15.33,-0.4957,0.1956,1.8905,65.12,1.1793,15,0.6994,-1.1635,-0.4934,-0.0999,1375,3,4,2,2,3,4,4,4,16,1
55405612,16,-0.5018,0.1956,-0.687,76.65,1.1793,14,-0.4089,0.9065,0.3568,0.2751,NA,3,NA,2,3,3,2,2,2,13,3
55406021,15.5,1.5527,0.1956,-0.2459,62.39,0.0477,15,0.1222,-0.6311,0.1984,-0.9965,1500,4,4,4,3,4,4,2,2,4,1
55406762,16,-0.0485,2.0054,0.5949,17,1.1793,15,0.1222,-1.126,-0.4556,-0.62,1500,3,3,3,3,NA,2,3,4,16,1
55407817,15.42,-1.2714,0.7871,0.4637,82.41,-0.8449,15,0.8214,-0.0697,1.2316,0.5102,1440,3,1,2,2,3,3,3,3,18,2
55400823,16.17,-0.0614,0.1956,1.0944,16.36,0.031,10,-1.0985,0.8812,-0.6146,-1.7115,NA,3,3,3,3,3,4,4,2,17,3
55403989,16,0.4558,0.1956,-0.9295,50.15,0.1806,12,1.0657,-1.8876,-1.9715,-0.62,1620,3,3,3,3,4,1,2,2,15,2
55401243,15.33,-0.8273,-0.4112,1.8905,74.66,0.0477,15,-0.4089,-0.6311,0.9034,1.0383,1440,3,2,3,2,3,4,4,4,16,1
55401475,15.75,-0.1433,-0.2661,-1.059,70.09,-1.2793,15,1.2374,-1.0064,1.5482,0.2464,1440,4,3,3,2,3,3,1,2,17,2
55400954,16,1.1262,2.0054,-0.4342,75.54,1.1793,15,-0.7642,-0.524,-0.9609,0.5102,1500,3,4,4,4,3,3,2,2,18,2
55401242,16,-0.0614,-0.2661,0.4637,50.15,1.1793,15,0.1222,0.409,0.1499,0.2432,1500,3,3,3,3,3,3,3,3,17,2
55401320,15.75,-1.0974,-0.2661,0.4637,82.41,0.0477,12,-0.4089,NA,-0.8604,0.2432,1500,3,3,2,2,2,3,3,3,15,2
55402804,15.83,0.1123,-0.9792,-1.8939,72.94,-1.0527,14,0.0523,-0.416,-2.7114,0.5102,NA,3,3,1,4,4,1,1,1,16,2
55401752,15.83,-0.5787,-1.7009,0.4637,57,0.0477,14,0.1222,-0.0697,-0.7029,-0.103,1560,3,4,3,2,2,3,3,3,17,1
55403777,16,1.1546,-2.345,-1.8939,48.13,0.0477,10,0.1222,-0.0697,-0.4389,0.2464,2100,4,2,4,4,4,1,1,1,18,1
55401679,15.42,0.3858,0.7871,-0.0288,51.01,-1.1827,12,-1.0985,0.795,-1.3158,0.0205,NA,3,4,3,3,3,4,2,3,11,3
55403746,16.25,1.0615,0.3709,-0.2459,82.31,-0.4396,15,1.8839,-1.8876,-0.3571,0.5135,1500,4,4,4,3,3,4,2,2,19,2
55407158,15.5,1.5527,0.3709,0.3335,72.27,0.2646,14,1.0657,-1.126,-1.352,0.2495,1600,4,4,4,3,4,4,3,2,19,2
55404792,16.25,-1.321,NA,0.4637,NA,-0.8243,12,0.1222,-0.524,0.0995,0.5102,1575,3,3,2,1,2,3,3,3,17,3
55405471,16.08,-0.5176,-0.9792,-0.3799,21.13,-0.3792,14,-0.4089,0.409,-0.3253,0.2464,NA,3,3,3,2,3,2,2,3,17,2
55405672,15.33,-0.0614,-0.4112,-0.687,23.57,-0.4903,10,-0.4089,-1.1635,0.8628,0.7586,1500,3,3,3,3,3,2,2,2,17,2
55406655,15.42,1.1268,-0.5707,0.8794,39.02,0.0477,14,1.8839,-1.126,2.6131,0.7551,2160,4,3,4,3,4,3,3,4,13,3
55406792,16.08,0.4269,-1.7664,1.8905,77.1,1.1793,12,1.8839,-1.8876,1.3468,2.0871,1400,3,4,3,2,4,4,4,4,15,1
55401233,15.67,-1.0352,0.1956,0.4637,72.27,0.0477,10,-1.0985,0.795,-0.2704,0.5102,NA,2,3,2,2,3,3,3,3,9,3
55401906,15.33,-1.0746,0.3709,0.9109,76.65,-1.3835,15,1.8839,-0.524,2.6131,-1.0036,2400,3,3,2,1,3,3,4,2,19,1
55401962,16,-0.8308,-0.2661,0.5949,65.12,-0.4396,14,1.2374,-1.0064,-0.7029,2.0871,1500,3,4,2,1,3,2,3,4,12,4
55405083,16,-0.0806,1.1811,0.052,80.92,-0.6853,15,0.6994,-0.524,-0.7637,-0.0999,NA,4,3,2,3,3,3,3,2,16,1
55400165,16,0.3858,-0.733,0.1097,17,-2.9896,10,-0.849,1.2421,-0.3875,0.5102,2700,3,4,3,3,3,2,3,3,15,4
55401405,15.33,1.1934,2.0054,-1.8939,65.25,-0.4884,10,1.1971,-0.0697,-0.3875,-1.037,1800,3,3,4,4,4,1,1,1,9,1
55401593,16.08,1.1934,2.0054,0.8794,52.72,0.0477,15,-0.4419,0.5082,-0.9484,-0.62,2500,3,3,4,4,4,3,3,4,15,3
55406256,15.75,-1.0583,-0.9792,-0.3799,75.54,-1.8813,10,-1.3543,1.5715,-0.4556,0.5102,1800,3,2,2,2,3,2,2,3,19,3
55400176,15.67,1.5527,-0.6151,0.5949,82.41,1.1793,15,1.8839,-0.6311,2.6131,1.4931,1650,4,4,4,3,4,2,3,4,16,2
55400294,16.17,0.3858,1.1811,1.4083,80.75,1.1793,10,1.8839,-1.126,1.5998000000000001,1.4931,1650,3,4,3,3,3,3,4,4,16,2
55401938,15.75,2.3693,2.0054,1.8905,80.75,1.1793,14,1.8839,-0.524,0.4627,2.0871,1740,4,4,4,4,4,4,4,4,12,3
55400341,15.75,-0.0328,0.1956,0.8794,75.54,-0.1357,10,0.1222,0.5371,-0.5262,0.7869,1375,3,4,2,3,3,3,3,4,18,2
55400723,15.33,2.3693,2.0054,-0.3799,43.33,-0.8243,10,-0.5196,-0.556,-2.7114,-0.62,1440,4,4,4,4,4,2,2,3,18,4
55400822,16.08,0.7877,1.2643,-0.2006,24.53,0.0477,12,0.1222,-0.0362,-1.0527,-0.103,1800,4,3,3,3,4,3,2,3,15,2
55401122,15.83,-0.5176,1.1811,-1.8939,76.49,0.0477,15,0.1222,-0.0697,-1.7421,2.0871,1440,3,3,3,2,3,1,1,1,19,3
55401513,15.75,0.3858,-2.345,1.8905,77.1,1.1793,12,0.1222,2.7752,-0.5753,0.7869,NA,3,4,3,3,3,4,4,4,17,4
55401564,15.58,-0.5176,0.571,-0.1748,39.02,1.1793,12,0.1222,-1.8876,0.0127,-1.7115,1500,3,3,3,2,3,3,3,1,19,1
55402296,15.33,-1.3068,-0.2661,1.8905,21.13,-1.9183,10,-1.0985,1.5959,0.8628,-0.3644,1440,3,2,2,2,2,4,4,4,17,1
55404511,15.5,-1.0974,-0.733,-0.3799,55.25,-0.8532,NA,-0.7391,-0.524,-0.5831,0.5102,2040,3,3,2,2,2,2,2,3,17,2
55405462,15.75,0.4152,0.1956,0.4637,84.16,-1.5532,12,-0.849,0.795,-0.6278,0.0236,900,3,3,3,4,3,3,3,3,19,3
55406780,15.5,-0.4684,-0.1401,-0.7592,53.15,0.0477,15,-0.1056,-0.0697,-1.7421,NA,NA,3,3,2,3,3,3,2,1,17,3
55400431,15.33,-0.4684,0.1956,0.8794,68.7,0.0477,15,0.1222,0.409,0.0995,0.8945,1440,3,3,2,3,3,3,3,4,18,2
55402526,15.42,-0.0614,-0.5707,1.8905,55.25,-0.8243,12,NA,2.7752,-1.352,-1.3412,1200,3,3,3,3,3,4,4,4,18,1
55404499,16.08,1.5024,-1.0881,1.8905,65.12,0.4491,10,-1.1218,0.795,-2.7114,0.0236,1680,4,4,4,4,3,4,4,4,16,3
55404810,16.25,1.0615,2.0054,1.8905,76.65,0.0477,15,1.8839,-1.1635,2.6131,0.7904,1440,4,4,4,3,3,4,4,4,19,1
55405805,15.5,-0.0614,1.1811,-0.13,76.65,1.1793,15,0.1222,-0.524,1.1891,1.3517,1500,3,3,3,3,3,2,3,2,19,1
55404769,15.83,-0.0614,-0.2661,-0.2006,43.33,-1.6618,10,-0.825,0.9065,-0.2704,0.0236,1500,3,3,3,3,3,3,2,3,18,2
55406111,15.58,-0.8109,0.1956,1.8905,33.76,-0.8449,12,0.8214,-0.0697,2.6131,-0.62,1375,3,3,2,2,3,4,4,4,19,2
55406132,16.08,NA,NA,NA,NA,NA,NA,NA,NA,NA,NA,NA,NA,NA,NA,NA,NA,NA,NA,NA,17,NA
55407588,16,0.0018,0.7871,0.052,19.41,0.0477,15,-1.0985,0.795,-1.0512,2.0871,1500,3,3,2,4,3,3,3,2,19,2
55401480,16,2.3693,-2.345,1.8905,26.85,-4.4106,5.5,-2.4403,-1.8876,-0.0506,-2.3003,1500,4,4,4,4,4,4,4,4,15,4
55402346,15.25,0.0501,0.1956,0.8794,71.39,1.1793,NA,-0.5485,2.101,-1.2014,-0.62,1500,3,3,2,3,4,3,3,4,17,2
55406843,16.08,-0.1433,2.0054,0.052,76.49,1.1793,15,1.2374,-1.8876,-0.6146,-0.6163,1500,4,3,3,2,3,3,3,2,19,2
55405097,15.58,0.8496,-2.345,-1.8939,28.04,-1.195,14,-0.5485,1.9635,-1.384,-0.2336,1000,3,3,3,4,4,1,1,1,16,4
55400941,15.67,-0.5176,0.0385,0.5949,50.15,-0.6122,15,0.6994,-0.524,0.5572,2.0871,NA,3,3,3,2,3,2,3,4,10,2
55401211,15.5,-0.0328,-0.733,1.0671,58.07,0.2646,10,-1.0985,2.7752,-0.9016,1.0741,1500,3,4,2,3,3,4,3,4,19,1
55403922,15.92,2.3693,1.2643,-0.7985,85.85,-0.5668,15,1.8839,1.3688,1.2316,0.2464,1500,4,4,4,4,4,3,1,3,16,1
55405685,15.67,-0.8109,0.1956,-0.687,88.7,1.1793,15,0.1222,-1.126,-0.2035,-0.3644,1800,3,3,2,2,3,2,2,2,17,1
55407193,16.25,-0.4684,-0.2047,0.4637,65.12,0.0477,12,0.1222,-0.0697,-0.1542,1.1884,1650,3,3,2,3,3,3,3,3,18,2
55401452,15.58,0.8854,2.0054,1.8905,17,-1.2793,14,-0.825,0.9065,0.1372,0.5102,NA,2,4,3,4,4,4,4,4,18,3
55404935,16,-0.7906,0.1956,0.1097,27.52,-0.4903,15,-0.5485,-0.0697,-0.4556,-0.96,1375,3,2,2,3,3,2,3,3,14,2
55406525,15.75,-0.0328,0.4352,-0.2006,17,1.1793,14,-1.3543,2.7752,-0.0176,0.0236,NA,3,4,2,3,3,3,2,3,19,3
55407784,15.58,-0.5176,-0.2661,-0.4342,68.55,-1.4469,15,-0.4419,0.8207,0.2694,-0.9225,1375,3,3,3,2,3,3,2,2,17,1
55400107,15.83,-1.0611,-0.2661,0.8794,70.5,0.0477,15,0.1222,0.8207,0.1478,0.2751,1375,3,4,1,1,3,3,3,4,19,1
55400290,15.92,-1.0583,-0.2047,-1.4242,27.91,-1.2049,14,1.8839,-1.8876,1.3468,0.1494,1375,3,2,2,2,3,1,1,2,19,1
55402424,15.33,-0.6365,-0.9372,0.8794,82.41,1.1793,15,1.0657,-1.8876,2.0787,-0.62,1485,4,4,3,1,2,3,3,4,17,3
55402745,15.33,-1.2947,1.2643,1.8905,71.39,1.1793,15,0.1222,-0.0697,0.8628,0.5135,1620,3,3,1,2,2,4,4,4,19,2
55402979,15.42,0.7872,-0.733,-0.13,17,-1.3835,10,-0.4419,0.409,0.2363,1.1884,1620,3,4,3,4,3,2,3,2,15,4
55407330,15.5,-1.2862,-0.5707,0.4637,62.45,-0.3792,15,1.2374,-1.1635,1.7513,0.0205,NA,3,2,2,1,3,3,3,3,19,2
55401316,16.08,-0.2056,-0.9792,-0.687,70.89,-0.6853,12,0.1222,-0.0697,-0.5262,-0.6537,2100,3,4,4,2,2,2,2,2,10,2
55402058,15.92,-0.4292,2.0054,0.4637,78.86,-1.1443,14,-1.0985,1.5959,-1.1285,0.2464,NA,3,3,2,2,4,3,3,3,19,4
55407530,15.58,0.8352,0.3045,0.8207,68.7,0.0477,15,1.8839,0.409,0.4823,2.0871,1500,4,3,2,4,4,4,3,3,15,1
55402695,15.58,2.3693,1.1811,-0.4342,78.86,1.1793,14,1.8839,-1.126,0.4627,1.1506,2295,4,4,4,4,4,3,2,2,18,1
55404106,16.08,-0.0614,0.1956,-0.13,81.4,0.0477,15,0.1222,-0.524,-0.0573,0.0236,1665,3,3,3,3,3,2,3,2,18,1
55405486,16.08,1.217,1.1811,-0.2459,41.27,-0.5813,10,0.1919,0.7067,-0.1358,1.0419,1665,3,4,3,4,4,4,2,2,16,3
55406512,15.67,-1.0445,0.1956,0.4637,75.13,-1.1878,15,-1.0985,-0.0697,-1.9715,-0.1998,NA,3,3,1,2,3,3,3,3,18,1
55402198,16,1.59,1.1811,0.8207,82.31,1.1793,15,0.1222,-0.1817,0.8628,1.0419,1800,4,3,4,4,4,4,3,3,19,1
55403091,15.75,1.5527,0.1244,-0.5722,52.72,1.1793,15,0.1222,0.5082,-0.4423,0.6487,1500,4,4,4,3,4,1,3,1,18,1
55403174,15.83,2.3693,-0.0591,-0.5311,76.49,0.0477,15,-1.3543,2.7752,-2.7114,-0.5827,1500,4,4,4,4,4,4,1,3,15,4
55406755,15.5,0.3858,0.1956,-0.4342,71.39,1.1793,15,0.1222,0.409,0.0977,0.5102,1250,3,4,3,3,3,3,2,2,17,2
55400894,15.5,-1.321,-0.2661,-0.3799,58.77,0.0477,14,0.1222,0.3787,0.2694,0.2432,1890,3,3,2,1,2,2,2,3,15,2
55403289,16.25,-0.4684,0.3709,0.8794,35.34,1.1793,10,1.2374,-0.524,-0.5656,1.0383,1620,3,3,2,3,3,3,3,4,19,2
55407449,15.67,-0.7906,-2.345,-0.9598,30.34,-1.195,15,0.1222,1.2421,0.3568,-0.2336,2840,3,2,2,3,3,1,1,4,12,4
55404592,15.83,-1.3413,-0.9792,1.8905,NA,-1.9183,NA,-2.4403,2.0679,-0.7077,0.5102,1500,3,3,2,2,1,4,4,4,12,3
55405668,15.92,-0.096,-0.2661,-0.13,77.1,1.1793,14,1.2374,-0.524,2.0787,1.1506,1500,3,4,3,2,3,2,3,2,15,1
55400106,16,0.4558,2.0054,-0.9823,50.15,-0.5492,10,0.1222,-0.663,-0.3875,-0.5068,1350,3,3,3,3,4,2,2,1,15,3
55408007,15.33,-0.8544,-0.8279,-0.6133,17,-4.4106,14,-2.4403,1.0578,-1.3532,1.0741,1800,1,2,3,4,NA,1,2,3,15,4
55405434,16,1.5024,1.1811,0.8794,50.37,1.1793,15,1.2374,0.5082,-0.0721,0.7551,1500,4,4,4,4,3,3,3,4,18,3
55405441,16.17,-1.5027,-0.5229,0.1097,68.7,-0.4903,15,-1.3543,2.7752,-1.9715,NA,NA,2,1,2,NA,3,2,3,3,8,2
55401512,15.92,0.3858,-0.2047,0.052,75.43,0.0477,15,0.1222,0.409,0.2694,0.7869,1485,3,4,3,3,3,3,3,2,18,2
55408120,15.67,1.1651,2.0054,-0.7592,86.72,1.1793,15,1.2374,-0.524,2.6131,2.0871,1760,3,4,4,3,4,3,2,1,12,2
55407204,15.75,0.3858,-0.4631,-0.3799,48.27,1.1793,12,0.1222,0.409,0.638,0.8945,1680,3,4,3,3,3,2,2,3,18,3
55407886,15.75,-0.0614,-0.2661,-0.7985,82.41,-0.1357,15,-1.4704,1.9635,-1.7421,0.5102,NA,3,3,3,3,3,3,1,3,13,3
55400380,15.92,-0.0614,-0.6888,-0.4342,21.13,-0.8543,15,-0.4089,0.409,-0.2704,-0.0999,NA,3,3,3,3,3,3,2,2,15,2
55400409,15.33,-0.4684,-1.0214,0.0208,70.5,-0.6853,15,0.1222,0.409,-0.2704,-1.3412,1500,3,3,2,3,3,3,2,4,16,3
55402009,16.17,1.6219,2.0054,0.4637,59.89,0.0477,14,0.1222,0.9065,-0.5262,0.2432,1800,4,4,3,4,4,3,3,3,18,2
55403538,16.17,-0.0614,0.1956,0.1097,43.85,1.1793,15,-1.0985,0.409,0.3568,-0.0073,NA,3,3,3,3,3,2,3,3,17,2
55404203,15.83,-0.1097,-0.733,0.8794,72.94,0.0477,10,-0.825,-0.0697,-0.2008,-1.3811,1800,3,3,3,4,2,3,3,4,19,1
55405525,15.75,-0.0614,1.2643,1.8905,78.86,-1.2049,15,1.8839,-1.126,2.6131,-0.0999,1375,3,3,3,3,3,4,4,4,18,1
55407758,16.25,0.7872,-0.2661,0.5949,65.01,0.0477,14,-0.849,-0.0697,-0.4389,0.1494,1375,3,4,3,4,3,2,3,4,17,1
55408090,15.33,-0.4531,0.1956,0.4637,75.13,-0.8449,15,-0.4419,1.2421,-0.2704,-0.62,1200,2,3,3,3,3,3,3,3,13,3
